circuit,n_qubits,family,depth_bucket,decision_class,rec_key,fastest_key,is_fastest,overhead,source
Bonus-RandNonCliff-20-deep-73620,20,RandomNonClifford,deep,low_tw,native/matrix_product_state,qpanda/statevector,False,3433.67,ec2
Bonus-RandNonCliff-20-shallow-20890,20,RandomNonClifford,shallow,low_tw,native/matrix_product_state,qpanda/statevector,False,2024.88,ec2
Bonus-RandNonCliff-20-medium-53339,20,RandomNonClifford,medium,low_tw,native/matrix_product_state,qpanda/statevector,False,1754.74,ec2
RandNonCliff-20-deep,20,RandomNonClifford,deep,low_tw,native/matrix_product_state,qpanda/statevector,False,868.44,ec2
Grover-10-b12,10,Grover,,clifford,native/statevector,qpanda/density_matrix,False,687.09,local
QPE-20,20,QPE,,low_tw,native/matrix_product_state,qpanda/statevector,False,650.63,ec2
Grover-10-b13,10,Grover,,clifford,native/statevector,qpanda/statevector,False,646.07,local
Grover-10-b8,10,Grover,,clifford,native/statevector,qpanda/density_matrix,False,625.78,local
Bonus-RandNonCliff-12-deep-64663,12,RandomNonClifford,deep,low_tw,qpanda/statevector,qpanda/density_matrix,False,618.6,ec2
Grover-10-b11,10,Grover,,clifford,native/statevector,qpanda/density_matrix,False,611.23,local
Grover-10-b3,10,Grover,,clifford,native/statevector,qpanda/density_matrix,False,561.39,local
Grover-10-b14,10,Grover,,clifford,native/statevector,qpanda/statevector,False,546.19,local
Grover-10-b15,10,Grover,,clifford,native/statevector,qpanda/density_matrix,False,543.45,local
Grover-10-b2,10,Grover,,clifford,native/statevector,qpanda/density_matrix,False,525.15,local
Grover-10-b6,10,Grover,,clifford,native/statevector,qpanda/density_matrix,False,483.79,local
Grover-10-b4,10,Grover,,clifford,native/statevector,qpanda/density_matrix,False,480.17,local
Grover-10-b5,10,Grover,,clifford,native/statevector,qpanda/statevector,False,471.85,local
Grover-10-b9,10,Grover,,clifford,native/statevector,qpanda/density_matrix,False,467.29,local
Bonus-RandCliff-8-medium-60852,8,RandomClifford,medium,clifford,native/statevector,qpanda/statevector,False,454.21,ec2
Grover-10-b7,10,Grover,,clifford,native/statevector,qpanda/density_matrix,False,436.78,local
RandCliff-8-medium-b7,8,RandomClifford,medium,clifford,native/statevector,qpanda/density_matrix,False,412.47,local
Grover-10-b1,10,Grover,,clifford,native/statevector,qpanda/density_matrix,False,387.28,local
RandCliff-8-shallow-b12,8,RandomClifford,shallow,clifford,native/statevector,qpanda/statevector,False,358.08,local
Bonus-RandNonCliff-20-deep-95388,20,RandomNonClifford,deep,low_tw,native/matrix_product_state,qpanda/statevector,False,348.49,ec2
Grover-10-b10,10,Grover,,clifford,native/statevector,qpanda/density_matrix,False,346.63,local
RandCliff-8-medium-b2,8,RandomClifford,medium,clifford,native/statevector,qpanda/statevector,False,339.82,local
RandCliff-8-medium-b9,8,RandomClifford,medium,clifford,native/statevector,qpanda/density_matrix,False,321.03,local
RandNonCliff-12-shallow-b7,12,RandomNonClifford,shallow,low_tw,qpanda/statevector,qiskit/statevector,False,277.87,local
RandCliff-8-medium-b13,8,RandomClifford,medium,clifford,native/statevector,qpanda/density_matrix,False,263.87,local
RandCliff-8-shallow-b10,8,RandomClifford,shallow,clifford,native/statevector,qpanda/density_matrix,False,262.08,local
RandCliff-8-shallow-b6,8,RandomClifford,shallow,clifford,native/statevector,qpanda/density_matrix,False,258.0,local
RandCliff-8-shallow-b1,8,RandomClifford,shallow,clifford,native/statevector,qpanda/density_matrix,False,252.57,local
RandCliff-12-shallow,12,RandomClifford,shallow,clifford,qiskit/statevector,qiskit/stabilizer,False,247.54,ec2
RandCliff-8-shallow-b13,8,RandomClifford,shallow,clifford,native/statevector,qpanda/density_matrix,False,246.77,local
RandCliff-8-medium-b4,8,RandomClifford,medium,clifford,native/statevector,qpanda/density_matrix,False,242.35,local
RandCliff-8-shallow-b11,8,RandomClifford,shallow,clifford,native/statevector,qpanda/statevector,False,239.55,local
Grover-8-b15,8,Grover,,clifford,native/statevector,qpanda/density_matrix,False,236.09,local
RandCliff-8-medium-b11,8,RandomClifford,medium,clifford,native/statevector,qpanda/statevector,False,234.02,local
QAOA-10-b6,10,QAOA,,low_tw,native/statevector,qpanda/density_matrix,False,228.23,local
QAOA-10-b1,10,QAOA,,low_tw,native/statevector,qpanda/density_matrix,False,227.64,local
QAOA-10-b11,10,QAOA,,low_tw,native/statevector,qpanda/density_matrix,False,226.53,local
RandCliff-8-shallow-b15,8,RandomClifford,shallow,clifford,native/statevector,qpanda/density_matrix,False,226.47,local
RandCliff-8-medium-b8,8,RandomClifford,medium,clifford,native/statevector,qpanda/density_matrix,False,224.27,local
GHZ-12-b8,12,GHZ,,clifford,native/statevector,qpanda/density_matrix,False,218.11,local
Grover-8-b1,8,Grover,,clifford,native/statevector,qpanda/density_matrix,False,216.6,local
QAOA-10-b15,10,QAOA,,low_tw,native/statevector,qpanda/density_matrix,False,214.41,local
QAOA-10-b2,10,QAOA,,low_tw,native/statevector,qpanda/statevector,False,214.38,local
RandCliff-8-shallow-b14,8,RandomClifford,shallow,clifford,native/statevector,qpanda/density_matrix,False,211.62,local
QPE-12-b10,13,QPE,,low_tw,qpanda/statevector,qpanda/density_matrix,False,206.58,local
GHZ-12-b14,12,GHZ,,clifford,native/statevector,qpanda/density_matrix,False,206.44,local
RandCliff-8-shallow-b8,8,RandomClifford,shallow,clifford,native/statevector,qpanda/density_matrix,False,206.19,local
RandCliff-8-shallow-b7,8,RandomClifford,shallow,clifford,native/statevector,qpanda/density_matrix,False,206.13,local
RandCliff-8-shallow-b3,8,RandomClifford,shallow,clifford,native/statevector,qpanda/density_matrix,False,203.32,local
RandCliff-8-medium-b14,8,RandomClifford,medium,clifford,native/statevector,qpanda/density_matrix,False,203.14,local
RandCliff-8-medium-b15,8,RandomClifford,medium,clifford,native/statevector,qpanda/density_matrix,False,201.77,local
Grover-8-b2,8,Grover,,clifford,native/statevector,qpanda/statevector,False,200.85,local
RandCliff-8-medium-b10,8,RandomClifford,medium,clifford,native/statevector,qpanda/density_matrix,False,198.87,local
QAOA-10-b10,10,QAOA,,low_tw,native/statevector,qpanda/density_matrix,False,198.17,local
RandCliff-8-medium-b12,8,RandomClifford,medium,clifford,native/statevector,qpanda/statevector,False,194.75,local
QAOA-10-b9,10,QAOA,,low_tw,native/statevector,qpanda/statevector,False,194.19,local
QAOA-10-b13,10,QAOA,,low_tw,native/statevector,qpanda/density_matrix,False,192.53,local
RandCliff-8-medium-b6,8,RandomClifford,medium,clifford,native/statevector,qpanda/statevector,False,191.98,local
QAOA-10-b14,10,QAOA,,low_tw,native/statevector,qpanda/density_matrix,False,190.64,local
RandCliff-8-shallow-b5,8,RandomClifford,shallow,clifford,native/statevector,qpanda/density_matrix,False,184.8,local
Bonus-RandNonCliff-20-medium-92426,20,RandomNonClifford,medium,low_tw,native/matrix_product_state,qpanda/statevector,False,183.69,ec2
GHZ-12-b2,12,GHZ,,clifford,native/statevector,qpanda/density_matrix,False,181.24,local
RandCliff-8-shallow-b2,8,RandomClifford,shallow,clifford,native/statevector,qpanda/density_matrix,False,180.66,local
RandCliff-8-shallow-b9,8,RandomClifford,shallow,clifford,native/statevector,qpanda/density_matrix,False,179.68,local
QAOA-10-b5,10,QAOA,,low_tw,native/statevector,qpanda/density_matrix,False,178.71,local
QAOA-10-b4,10,QAOA,,low_tw,native/statevector,qpanda/statevector,False,178.38,local
RandCliff-8-medium-b5,8,RandomClifford,medium,clifford,native/statevector,qpanda/density_matrix,False,173.92,local
QAOA-10-b3,10,QAOA,,low_tw,native/statevector,qpanda/density_matrix,False,172.13,local
GHZ-12-b4,12,GHZ,,clifford,native/statevector,qpanda/density_matrix,False,171.06,local
GHZ-12-b7,12,GHZ,,clifford,native/statevector,qpanda/density_matrix,False,163.41,local
QAOA-10-b12,10,QAOA,,low_tw,native/statevector,qpanda/statevector,False,163.27,local
Grover-8-b5,8,Grover,,clifford,native/statevector,qpanda/density_matrix,False,162.91,local
RandCliff-8-medium-b1,8,RandomClifford,medium,clifford,native/statevector,qpanda/density_matrix,False,160.62,local
Grover-8-b7,8,Grover,,clifford,native/statevector,qpanda/statevector,False,157.4,local
RandCliff-8-medium-b3,8,RandomClifford,medium,clifford,native/statevector,qpanda/statevector,False,156.8,local
Grover-8-b8,8,Grover,,clifford,native/statevector,qpanda/statevector,False,155.0,local
VQE-10-b9,10,VQE,,low_tw,native/statevector,qpanda/density_matrix,False,152.76,local
QAOA-10-b7,10,QAOA,,low_tw,native/statevector,qpanda/statevector,False,152.03,local
Grover-8-b6,8,Grover,,clifford,native/statevector,qpanda/density_matrix,False,145.85,local
GHZ-12-b13,12,GHZ,,clifford,native/statevector,qpanda/density_matrix,False,144.45,local
RandCliff-8-shallow-b4,8,RandomClifford,shallow,clifford,native/statevector,qpanda/statevector,False,144.22,local
GHZ-12-b11,12,GHZ,,clifford,native/statevector,qpanda/density_matrix,False,143.58,local
QPE-12-b4,13,QPE,,low_tw,qpanda/statevector,qiskit/statevector,False,142.94,local
Grover-8-b14,8,Grover,,clifford,native/statevector,qpanda/density_matrix,False,138.62,local
GHZ-12-b12,12,GHZ,,clifford,native/statevector,qpanda/density_matrix,False,138.38,local
GHZ-12-b3,12,GHZ,,clifford,native/statevector,qpanda/density_matrix,False,134.17,local
Grover-8-b4,8,Grover,,clifford,native/statevector,qpanda/density_matrix,False,129.65,local
GHZ-12-b10,12,GHZ,,clifford,native/statevector,qpanda/density_matrix,False,127.72,local
LinCluster-12-b13,12,LinearCluster,,clifford,native/statevector,qpanda/statevector,False,126.32,local
Grover-8-b10,8,Grover,,clifford,native/statevector,qpanda/density_matrix,False,125.21,local
GHZ-12-b5,12,GHZ,,clifford,native/statevector,qpanda/density_matrix,False,123.71,local
Grover-8-b13,8,Grover,,clifford,native/statevector,qpanda/statevector,False,119.93,local
QAOA-10-b8,10,QAOA,,low_tw,native/statevector,qpanda/statevector,False,119.12,local
Grover-8-b11,8,Grover,,clifford,native/statevector,qpanda/density_matrix,False,119.09,local
Grover-8-b9,8,Grover,,clifford,native/statevector,qpanda/density_matrix,False,118.51,local
GHZ-12-b9,12,GHZ,,clifford,native/statevector,qpanda/density_matrix,False,118.18,local
Grover-8-b12,8,Grover,,clifford,native/statevector,qpanda/density_matrix,False,113.66,local
VQE-10-b6,10,VQE,,low_tw,native/statevector,qpanda/density_matrix,False,113.4,local
LinCluster-12-b4,12,LinearCluster,,clifford,native/statevector,qpanda/statevector,False,112.86,local
LinCluster-12-b14,12,LinearCluster,,clifford,native/statevector,qpanda/statevector,False,111.42,local
VQE-10-b10,10,VQE,,low_tw,native/statevector,qpanda/density_matrix,False,108.39,local
QFT-12-b15,12,QFT,,general,qpanda/statevector,qpanda/density_matrix,False,103.56,local
VQE-10-b8,10,VQE,,low_tw,native/statevector,qpanda/density_matrix,False,100.75,local
Grover-8-b3,8,Grover,,clifford,native/statevector,qpanda/statevector,False,98.16,local
VQE-10-b3,10,VQE,,low_tw,native/statevector,qpanda/density_matrix,False,96.73,local
LinCluster-12-b10,12,LinearCluster,,clifford,native/statevector,qpanda/density_matrix,False,95.82,local
VQE-10-b13,10,VQE,,low_tw,native/statevector,qpanda/density_matrix,False,91.1,local
LinCluster-12-b15,12,LinearCluster,,clifford,native/statevector,qpanda/density_matrix,False,90.99,local
LinCluster-12-b12,12,LinearCluster,,clifford,native/statevector,qpanda/density_matrix,False,90.24,local
RandNonCliff-16-shallow-b11,16,RandomNonClifford,shallow,low_tw,qpanda/statevector,qiskit/statevector,False,84.25,local
VQE-10-b7,10,VQE,,low_tw,native/statevector,qpanda/density_matrix,False,83.58,local
GHZ-8-b2,8,GHZ,,clifford,cupy/statevector,qpanda/density_matrix,False,83.17,local
VQE-10-b5,10,VQE,,low_tw,native/statevector,qpanda/density_matrix,False,81.06,local
RandNonCliff-20-medium,20,RandomNonClifford,medium,low_tw,native/matrix_product_state,qpanda/statevector,False,78.74,ec2
VQE-10-b1,10,VQE,,low_tw,native/statevector,qpanda/statevector,False,77.78,local
VQE-10-b2,10,VQE,,low_tw,native/statevector,qpanda/statevector,False,77.59,local
VQE-10-b15,10,VQE,,low_tw,native/statevector,qpanda/density_matrix,False,76.0,local
GHZ-8-b7,8,GHZ,,clifford,cupy/statevector,qpanda/density_matrix,False,74.8,local
LinCluster-12-b11,12,LinearCluster,,clifford,native/statevector,qpanda/density_matrix,False,73.39,local
LinCluster-12-b7,12,LinearCluster,,clifford,native/statevector,qpanda/statevector,False,71.77,local
LinCluster-8-b0,8,LinearCluster,,clifford,cupy/statevector,qpanda/density_matrix,False,71.35,local
LinCluster-12-b6,12,LinearCluster,,clifford,native/statevector,qpanda/statevector,False,65.76,local
QAOA-8-b8,8,QAOA,,low_tw,native/statevector,qpanda/density_matrix,False,65.57,local
LinCluster-12-b2,12,LinearCluster,,clifford,native/statevector,qpanda/density_matrix,False,64.64,local
VQE-10-b14,10,VQE,,low_tw,native/statevector,qpanda/density_matrix,False,64.56,local
RandNonCliff-20-shallow,20,RandomNonClifford,shallow,low_tw,native/matrix_product_state,qpanda/statevector,False,62.17,ec2
QAOA-8-b6,8,QAOA,,low_tw,native/statevector,qpanda/density_matrix,False,61.68,local
GHZ-8-b12,8,GHZ,,clifford,cupy/statevector,qpanda/density_matrix,False,59.32,local
VQE-8-b12,8,VQE,,low_tw,native/statevector,qpanda/density_matrix,False,58.54,local
VQE-8-b5,8,VQE,,low_tw,native/statevector,qpanda/density_matrix,False,57.05,local
QAOA-8-b5,8,QAOA,,low_tw,native/statevector,qpanda/density_matrix,False,56.64,local
RandNonCliff-16-shallow-b1,16,RandomNonClifford,shallow,low_tw,qpanda/statevector,qiskit/statevector,False,56.24,local
QAOA-8-b4,8,QAOA,,low_tw,native/statevector,qpanda/statevector,False,55.69,local
RandNonCliff-16-medium-b12,16,RandomNonClifford,medium,low_tw,qpanda/statevector,qiskit/statevector,False,54.72,local
QAOA-8-b3,8,QAOA,,low_tw,native/statevector,qpanda/statevector,False,54.21,local
VQE-8-b4,8,VQE,,low_tw,native/statevector,qpanda/statevector,False,53.32,local
QAOA-8-b13,8,QAOA,,low_tw,native/statevector,qpanda/density_matrix,False,53.06,local
QAOA-8-b2,8,QAOA,,low_tw,native/statevector,qpanda/statevector,False,51.18,local
LinCluster-12-b1,12,LinearCluster,,clifford,native/statevector,qpanda/density_matrix,False,48.98,local
VQE-8-b7,8,VQE,,low_tw,native/statevector,qpanda/statevector,False,48.96,local
GHZ-8-b5,8,GHZ,,clifford,cupy/statevector,qpanda/density_matrix,False,48.79,local
RandNonCliff-16-medium-b2,16,RandomNonClifford,medium,low_tw,qpanda/statevector,qiskit/statevector,False,48.21,local
VQE-8-b15,8,VQE,,low_tw,native/statevector,qpanda/density_matrix,False,47.15,local
LinCluster-12-b8,12,LinearCluster,,clifford,native/statevector,qpanda/density_matrix,False,46.97,local
LinCluster-12-b5,12,LinearCluster,,clifford,native/statevector,qpanda/density_matrix,False,46.24,local
VQE-8-b3,8,VQE,,low_tw,native/statevector,qpanda/density_matrix,False,45.69,local
RandNonCliff-16-shallow-b4,16,RandomNonClifford,shallow,low_tw,qpanda/statevector,qiskit/statevector,False,45.4,local
QAOA-8-b1,8,QAOA,,low_tw,native/statevector,qpanda/statevector,False,43.86,local
QAOA-8-b7,8,QAOA,,low_tw,native/statevector,qpanda/density_matrix,False,41.09,local
QAOA-8-b14,8,QAOA,,low_tw,native/statevector,qpanda/density_matrix,False,39.88,local
Grover-12-b3,12,Grover,,clifford,qpanda/statevector,qiskit/stabilizer,False,35.32,local
VQE-12,12,VQE,,low_tw,qiskit/statevector,native/statevector,False,33.77,ec2
Grover-12-b7,12,Grover,,clifford,qpanda/statevector,qpanda/density_matrix,False,32.08,local
LinCluster-12-b9,12,LinearCluster,,clifford,native/statevector,qpanda/density_matrix,False,31.61,local
QAOA-8-b11,8,QAOA,,low_tw,native/statevector,qpanda/density_matrix,False,31.49,local
LinCluster-12-b3,12,LinearCluster,,clifford,native/statevector,qpanda/statevector,False,26.66,local
GHZ-12-b1,12,GHZ,,clifford,native/statevector,qpanda/density_matrix,False,24.85,local
Grover-12-b6,12,Grover,,clifford,qpanda/statevector,qiskit/stabilizer,False,23.61,local
QPE-10-b4,11,QPE,,low_tw,qpanda/statevector,qpanda/density_matrix,False,19.29,local
Bonus-RandCliff-20-deep-14150,20,RandomClifford,deep,clifford,qiskit/stabilizer,qpanda/statevector,False,18.94,ec2
GHZ-8-b1,8,GHZ,,clifford,cupy/statevector,qpanda/density_matrix,False,16.85,local
Bonus-RandCliff-20-deep-92517,20,RandomClifford,deep,clifford,qiskit/stabilizer,qpanda/statevector,False,14.82,ec2
Grover-12-b1,12,Grover,,clifford,qpanda/statevector,qiskit/statevector,False,13.81,local
Bonus-RandCliff-20-shallow-16308,20,RandomClifford,shallow,clifford,qiskit/stabilizer,qpanda/statevector,False,13.62,ec2
Bonus-RandCliff-20-shallow-22774,20,RandomClifford,shallow,clifford,qiskit/stabilizer,qpanda/statevector,False,13.31,ec2
Bonus-RandCliff-20-medium-14162,20,RandomClifford,medium,clifford,qiskit/stabilizer,qpanda/statevector,False,13.01,ec2
Bonus-RandCliff-20-medium-14088,20,RandomClifford,medium,clifford,qiskit/stabilizer,qpanda/statevector,False,12.64,ec2
Bonus-RandCliff-20-shallow-42774,20,RandomClifford,shallow,clifford,qiskit/stabilizer,qpanda/statevector,False,12.26,ec2
GHZ-16-b9,16,GHZ,,clifford,qiskit/stabilizer,qiskit/statevector,False,12.18,local
GHZ-16-b15,16,GHZ,,clifford,qiskit/stabilizer,qiskit/statevector,False,10.45,local
GHZ-16-b7,16,GHZ,,clifford,qiskit/stabilizer,qiskit/statevector,False,10.37,local
RandNonCliff-12-medium-b7,12,RandomNonClifford,medium,low_tw,qpanda/statevector,qiskit/statevector,False,9.43,local
VQE-12-b11,12,VQE,,low_tw,qiskit/statevector,qpanda/density_matrix,False,9.33,local
RandNonCliff-12-shallow-b14,12,RandomNonClifford,shallow,low_tw,qpanda/statevector,qiskit/statevector,False,8.75,local
RandNonCliff-8-shallow-b8,8,RandomNonClifford,shallow,low_tw,qpanda/statevector,qpanda/density_matrix,False,8.68,local
RandNonCliff-12-medium-b2,12,RandomNonClifford,medium,low_tw,qpanda/statevector,qiskit/statevector,False,7.88,local
GHZ-16-b5,16,GHZ,,clifford,qiskit/stabilizer,qiskit/statevector,False,7.78,local
Bonus-RandCliff-12-shallow-69116,12,RandomClifford,shallow,clifford,qiskit/statevector,qpanda/density_matrix,False,7.76,ec2
RandNonCliff-8-medium-b12,8,RandomNonClifford,medium,low_tw,qpanda/statevector,qpanda/density_matrix,False,7.64,local
LinCluster-16-b8,16,LinearCluster,,clifford,qiskit/stabilizer,qiskit/statevector,False,7.43,local
QPE-16-b13,17,QPE,,low_tw,qpanda/statevector,qiskit/statevector,False,6.62,local
QPE-12-b1,13,QPE,,low_tw,qpanda/statevector,qpanda/density_matrix,False,6.42,local
QAOA-12-b9,12,QAOA,,low_tw,qiskit/statevector,qpanda/statevector,False,6.17,local
RandNonCliff-16-medium-b4,16,RandomNonClifford,medium,low_tw,qpanda/statevector,qiskit/statevector,False,5.38,local
Grover-12-b2,12,Grover,,clifford,qpanda/statevector,qpanda/density_matrix,False,5.35,local
RandNonCliff-12-medium,12,RandomNonClifford,medium,low_tw,qpanda/statevector,qiskit/statevector,False,5.29,ec2
QAOA-12-b5,12,QAOA,,low_tw,qiskit/statevector,qpanda/statevector,False,5.28,local
LinCluster-16-b14,16,LinearCluster,,clifford,qiskit/stabilizer,qpanda/statevector,False,5.18,local
LinCluster-8-b11,8,LinearCluster,,clifford,cupy/statevector,qpanda/statevector,False,5.16,local
